"與 '野비토권 무력화'에… 주호영 ""공수처는 쓰레기 하차장""",0
"유승민 ""자고나면 집값 신기록 경신, 文대통령은 꼭꼭 숨어""",0
닻올린 매머드 친문싱크탱크…“한 배 타고 가겠다”,0
"4050 투표열기, 與압승 이끌었다…총선 투표율 10%p '껑충'",0
"‘현대판 노예’ 北노동자가 만든 코로나 장비, 영국·한국·미국에 팔렸다",0
"秋 '꽃길 자랑'에…보수단체 ""한심한 법무부 장관에 조의"" 근조화환 응수",0
친문 ‘부엉이 모임' 대형 확장판…56명 ‘민주주의 4.0연구원’ 결성,0
親文의원 50명 `싱크탱크` 발족…與대선 풍향계 되나,0
"安 ""신당 창당도 나쁘지 않아""…金 ""야당 몰락, 지금이 끝 아냐""",0
상법 개정안 '찬반 총력전' 막 올랐다,0
"“현안에 의견 못 내는 ‘당론 없는’ 당”… 與, 국민의힘 비판",0
국제 표준에서도 삭제되는데… 구글은 여전히 '일본해',0
"공수처 충돌 점입가경…여당 속도전에 주호영 ""文 우릴 속였다""",0
"""국민의힘, 신공항도 행정수도 이전도 눈치만 보나""",0
"""아파트 환상 버리라""면서…與의원 10명 중 9명 아파트 산다",0
"[단독] 김종인 ""부동산 정책대안 만들라""…김희국·유경준에 특명",0
안철수 “與무능 vs. 野유능 대결로”..'소장파' 김세연과 야권혁신 공감대,0
여야 ‘공수처’ 초강경 대치에 연말정국 먹구름,0
"진중권 ""어느 대통령도 文처럼 신격화되지 않아…NL의 꼭두각시""",0
호남권 전역에 거리두기 1.5단계 적용…무엇이 달라지나,0
"정부, 1.5단계 사흘만에 수도권 2단계 조기격상…이유는?",1
‘내륙 대장’ 동래럭키아파트 재건축 차질… 예비안전진단 탈락,1
"野, 가덕도 거리두기…""정부입장도 없는데 무슨 당론이냐""",1
"[Mint]막힌 하늘, 그래도 날아오른 노선 세계 1위는 서울-제주",1
"조선사, 노후 LPG선 건조 통해 수주 확대 기대",1
"[Mint] 세상은 코로나에 갇혔지만, 큰손의 돈은 ‘포스트 코로나’로 가고 있다",1
아시아나-대한항공 통합 첫 고비...KCGI 가처분소송 넘을까,1
빵지순례'로 빵 뜬 공덕상권 [경의선 상권 분석],1
코로나 직격탄 맞은 홍대상권 [경의선 상권 분석],1
기업 '메가딜' 돌발변수… 결합심사 줄줄이 늦어진다,1
[Mint] 큰손들은 테슬라 대신 중국 전기차 ‘니오’에 주목했다,1
‘자가용 택배’ 10만 명 넘었는데…“보험 가입 1%도 안돼” 왜?,1
다세대 중심 전세대책… “정부 또 헛발질 우려”,1
수도권 거리두기 2단계 격상에 8대 소비쿠폰 중단 검토(종합),1
[중기 Cool 상품] 잦은 하품 하거나 눈 감으면…곧바로 경보 신호 울려줘요,1
"""액티브 ETF 파이 키우자"" 운용사들 잰걸음",1
"무리한 주거정책에...뒷수습 LH, 빚부담 커져",1
[단독] CJ올리브영 지분 인수에…골드만삭스 가세로 `혼전`,1
서울시 공원구역 '줄소송 후폭풍'...한남동 금싸라기 땅까지 85건,1
"고급품 시장선 더 강한 삼성 파운드리…""내년 시장 점유율 40%""",1
주말 강원 고속도로·방파제 등에서 사고 잇따라…6명 사상(종합),2
광주·전남 코로나 확진 1000명 '눈앞'…거리두기 2단계 고비(종합),2
"2단계 무엇이 달라지나...카페 포장·배달만, 식당 밤 9시까지만 영업",2
첫 사망자 발생' 경남 5일 만에 확진자 한 자릿수로(종합),2
"감염병과의 싸움 ‘최후보루’ 대학병원 속속 감염... ""진료 공백""",2
식당 오후9시 영업제한…거리두기 2단계 악몽 다시 시작됐다,2
비타민 택배 받아줬다 억울한 옥살이…韓여대생 4800만원 받는다,2
22일 지역확진자 115명…용인 키즈카페 8명·부천 어린이집 16명 등(종합),2
“지금 아니면 미국처럼 통제불능” 수도권 24일부터 2단계 격상,2
저널리즘J 중단·해지 통보에 '비정규직의 눈물',2
갈수록 채동욱 때와 ‘판박이’… 일각 “장관 뜻대로 될까”,2
로펌도 기업도 앞다퉈 찾는다…위상 달라진 '사내변호사',2
월요일 출근길 '겨울옷 필수'…한파특보에 바람까지,2
착한임대인·투기과열지구…보드게임으로 배운다고?,2
"""고비 못 넘으면 대규모 유행""…사회적 거리두기 단계 격상",2
"골프장에 ‘牛르르’ 난입, 분변만 남기고 떠난 소 떼",2
"‘3차 대유행이 온다’ 긴장감 도는 도심, 시민도 상인도 한숨",2
"트랜스젠더들이 본 2020년 ""어떻게든 버티고 살아가고 있으니깐""",2
O2O서점'의 혁신…카페서 책 사면 20% 할인,2
"골프치러 왔니, 풀 뜯으러 왔니…골프장 소떼 난입에 대피소동",2
"페트병에 담긴 쌀 세 통, 그건 '유품'이었다",3
"""윤도현 공연장에 확진자 방문 유감, 악플엔...""[전문]",3
가수 정미조 “일흔한해…바람 같은 날들이었네”,3
24일부터 유흥시설 5종 영업제한···식당은 밤 9시 이후 포장·배달만,3
"""송년회 대목 다 놓쳤다"" 술집 주인들 망연자실",3
"좌익에 '반동의 씨암탉' 몰려 처형되면서도 ""신도들 살려달라""",3
오다리면 발 모아서… 몸 상태별 ‘스쿼트’ 동작 달라요,3
선넘은 가세연…쯔양에 故김대중 전 대통령 합성·조롱,3
"“한국 치료제, 개발 빠르다” 셀트리온·녹십자 연내 승인 전망",3
"전동킥보드, 이제 `차도` 아닌 `자전거 도로`에서 달린다",3
김성모가 말하는 “더이상의 자세한 설명은 생략한다”,3
"백건우 ""젊었을 땐 불편했던 슈만, 이제는 이해돼""",3
‘미스터트롯 콘서트’ 연기 아쉽죠? 그래서 준비한 트롯팬들 ‘찐반응',3
`악화일로` 車업계…노조 리스크에 도미노 붕괴 우려 확산,3
[가족] 상자째 버려진 아기고양이 남매… 4년간 변하지 않은 건 '우애',3
"토요타, 미국서 수소전기차 '미라이' 판매돌입...'넥쏘' 한판승부",3
"[신간] 과학자가 들려주는 ""걱정말아요 그대""",3
[더오래]조선시대 왕과 왕비가 길일 받아 합궁하던 곳,3
K팝 세계의 정치적 표현수단으로 자리잡다,3
“재미로 해보는 것 아니다” 지휘 데뷔 앞둔 피아니스트 김선욱,3
"바이든 '뉴노멀' 취임식 할까…""코로나로 고심 중""",4
"""2~3년 뒤에 가상현실이 새 플랫폼이 된다""",4
"세계 게임엔진 절반 차지한 unity 존 리치텔로 CEO ""현 회사 가치, 시총보다 10배 더 높다""",4
"난관 봉착 트럼프, 23일 패배 확정되면 받아들일까?",4
화산폭발로 숨진 부자와 노예… 폼페이서 유해 2구 발견,4
미국 대선 불복 논란 이번주 중대 분수령,4
"G20 ""백신 공평분배"" 외쳤지만…내년 접종분 그들이 싹쓸이",4
"中, 알리바바·텐센트에 反독점 칼 빼들어…빅테크 생태계 '흔들'",4
"""아이고"" 수상했던 탄식…헌혈했다가 4년간 팔 못쓴 加여성",4
"美, 공포의 추수감사절이 다가온다… 코로나 하루 감염 20만 눈 앞",4
블링컨 국무장관? 옐런 재무장관? 공화당과 진보 사이 낀 바이든의 고심,4
[여기는 베이징] 시진핑 “CPTPP도 가입”… 중국이 다자주의 리더로?,4
진보·보수 사이 ‘샌드위치’ 된 바이든… 장관 인선 고심,4
"고대 폼페이 유적서 남성 유해 출토...2,000년 전 그들에겐 무슨 일이?",4
프랑스 속인 악마의 눈물…아내 살해범은 울음쏟던 남편,4
"바이든 시대 앞두고...中, 국제무역체제 주도 노림수",4
"미국 기업들, 바이든 당선에 중국 사업 ‘낙관’",4
추가 재검표 요구 ‘막판 뒤집기’ 기대 트럼프…불복 소송도 연패,4
폼페이서 2000년전 화산폭발로 숨진 두 남성 온전한 유해 발견,4
"日 스가, 코로나 확산에 ""고투 사업 일부 재검토"" 한발 후퇴",4
"[서경이 만난 사람]이용훈 ""기초연구 아이디어 모아 창업 유도...과학기술계 BTS 키울 것""",5
"""사람대신 마사지 척척… 로봇은 행복을 만드는 기술""",5
“악마의 습격!” 랜섬웨어 공격 현실화… 영업중단 사태까지,5
열대 무역풍이 강해진 이유가 밝혀졌다,5
"""유니티, 기업가치 100배 이상 커질 것""",5
"[단독] 카카오T, 구글 투자 받는다…테슬라도 '관심'",5
"""DNA인재 급구"" 판교밸리의 아우성",5
온라인' 지스타 폐막…나흘간 85만명 접속하며 흥행 '선방'(종합),5
코로나에 까다로운 비자조건...하이엔드 인재영입 걸림돌로,5
"학회 갈때마다 대학에 눈도장...""인재유치가 CEO 능력 결정""",5
"이통 '5G 가입' 빨간불...""저가요금제로 연말 공략""",5
"""랜섬웨어 공격에 영업중단""…백화점·아울렛도 덮친 '악마의 협상'",5
소비자 1000원 결제시 현재 구글 몫 0원…인앱결제 시행땐 300원,5
"삼성디스플레이, 4분기 OLED 출하량 1.2억대 '역대 최대 전망'",5
"[기고]5G 1000만 시대, 통과의례식 논란 넘어 미래 지향해야",5
온라인' 지스타 폐막…게이머 수십만명 접속하며 흥행 '선방',5
"삼성디스플레이, 내년 3월 국내 LCD 셧다운…대형 디스플레이 전환 과제",5
“차에서 XX해주는 거에요” 막장들의 장터된 ‘당근마켓’ 수난! [IT선빵!],5
"박영선 장관 “젠트리피케이션·배달 수수료, 프로토콜 경제로 해결하자”",5
"""딥러닝 기술로 폭탄주 로봇부터 마사지 로봇까지""",5
